ID,Territory,Location,Date,Reversal,FeederID,Trial,Time,Rewarded,Notes
YX-WI,TFOX,Natural,13-Dec-2023,0,W,1,958,1,"Whiteboard says wrong territory. Feeders 5m apart. All other group members present, occasionally scrounge from rewarded feeeder."
YX-WI,TFOX,Natural,13-Dec-2023,0,W,2,959,1,
YX-WI,TFOX,Natural,13-Dec-2023,0,W,3,1001,0,
YX-WI,TFOX,Natural,13-Dec-2023,0,W,4,1002,1,BX-RI also gets a peanut after YX-WI
YX-WI,TFOX,Natural,13-Dec-2023,0,W,5,1003,1,
YX-WI,TFOX,Natural,13-Dec-2023,0,W,6,1004,0,
YX-WI,TFOX,Natural,13-Dec-2023,0,W,7,1005,0,
YX-WI,TFOX,Natural,13-Dec-2023,0,W,8,1006,1,
YX-WI,TFOX,Natural,13-Dec-2023,0,W,9,1009,1,
YX-WI,TFOX,Natural,13-Dec-2023,0,W,10,1013,1,
YX-WI,TFOX,Natural,13-Dec-2023,0,W,11,1014,1,XI-RH stole peanut from his bill afterwards
YX-WI,TFOX,Natural,13-Dec-2023,0,W,12,1016,1,
YX-WI,TFOX,Natural,13-Dec-2023,0,W,13,1034,0,@1026 threw 2 freebies in middle between feeders. YX comes immediately to take them.
YX-WI,TFOX,Natural,13-Dec-2023,0,W,14,1038,1,"Chooses correctly, sees peanuts come out, but scared by train noise and does not eat the peanuts"
YX-WI,TFOX,Natural,13-Dec-2023,0,W,15,1048,-1,
YX-WI,TFOX,Natural,14-Dec-2023,0,W,15,1035,0,Very windy
YX-WI,TFOX,Natural,14-Dec-2023,0,W,16,1040,0,
YX-WI,TFOX,Natural,14-Dec-2023,0,W,17,1045,1,
YX-WI,TFOX,Natural,14-Dec-2023,0,W,18,1049,1,
YX-WI,TFOX,Natural,14-Dec-2023,0,W,19,1050,1,
YX-WI,TFOX,Natural,14-Dec-2023,0,W,20,1053,0,
YX-WI,TFOX,Natural,14-Dec-2023,0,W,21,1056,0,
YX-WI,TFOX,Natural,14-Dec-2023,0,W,22,1058,1,"Didn't take peanut, though looked right at them. Something scared all jays away."
YX-WI,TFOX,Natural,14-Dec-2023,0,W,23,1118,-1,"Jays not back for 20 minutes, though one visible on powerline to see tossed freebies"
YX-WI,TFOX,Natural,17-Dec-2023,0,W,23,1225,1,
YX-WI,TFOX,Natural,17-Dec-2023,0,W,24,1226,1,BX-RI also rewarded
YX-WI,TFOX,Natural,17-Dec-2023,0,W,25,1230,1,
YX-WI,TFOX,Natural,17-Dec-2023,0,W,26,1233,1,
YX-WI,TFOX,Natural,17-Dec-2023,0,W,27,1235,1,BX-RI also rewarded
YX-WI,TFOX,Natural,17-Dec-2023,0,W,28,1236,1,PASSED R0; BX-RI also rewarded
YX-WI,TFOX,Natural,17-Dec-2023,1,E,1,1239,0,Came to feeder while camera is off as I was resetting the camera with reversal 1 information
YX-WI,TFOX,Natural,17-Dec-2023,1,E,2,1240,0,
YX-WI,TFOX,Natural,17-Dec-2023,1,E,3,1242,0,
YX-WI,TFOX,Natural,17-Dec-2023,1,E,4,1247,0,
YX-WI,TFOX,Natural,17-Dec-2023,1,E,5,1249,1,
YX-WI,TFOX,Natural,17-Dec-2023,1,E,6,1250,1,
YX-WI,TFOX,Natural,17-Dec-2023,1,E,7,1253,0,
YX-WI,TFOX,Natural,17-Dec-2023,1,E,8,1301,0,Abbreviated reset because YX-WI was trying to immediately go to the other feeder
YX-WI,TFOX,Natural,17-Dec-2023,1,E,9,1303,1,
YX-WI,TFOX,Natural,17-Dec-2023,1,E,10,1304,1,"BX-RI also rewarded; Camera battery low, end session"
YX-WI,TFOX,Natural,19-Dec-2023,1,E,11,1408,0,
YX-WI,TFOX,Natural,19-Dec-2023,1,E,12,1412,1,
YX-WI,TFOX,Natural,19-Dec-2023,1,E,13,1414,1,
YX-WI,TFOX,Natural,19-Dec-2023,1,E,14,1415,1,
YX-WI,TFOX,Natural,19-Dec-2023,1,E,15,1417,1,BX-RI also rewarded
YX-WI,TFOX,Natural,19-Dec-2023,1,E,16,1419,1,BX-RI also rewarded
YX-WI,TFOX,Natural,19-Dec-2023,1,E,17,1420,1,
YX-WI,TFOX,Natural,19-Dec-2023,1,E,18,1421,1,BX-RI also rewarded
YX-WI,TFOX,Natural,19-Dec-2023,1,E,19,1423,1,PASSED R1
YX-WI,TFOX,Natural,19-Dec-2023,2,W,1,1431,0,
YX-WI,TFOX,Natural,19-Dec-2023,2,W,2,1432,0,
YX-WI,TFOX,Natural,19-Dec-2023,2,W,3,1438,1,
YX-WI,TFOX,Natural,19-Dec-2023,2,W,4,1439,1,
YX-WI,TFOX,Natural,19-Dec-2023,2,W,5,1442,1,
YX-WI,TFOX,Natural,19-Dec-2023,2,W,6,1443,1,
YX-WI,TFOX,Natural,19-Dec-2023,2,W,7,1445,1,
YX-WI,TFOX,Natural,19-Dec-2023,2,W,8,1448,1,
YX-WI,TFOX,Natural,19-Dec-2023,2,W,9,1449,1,
YX-WI,TFOX,Natural,19-Dec-2023,2,W,10,1509,-1,Alarm calling; YX-WI not back in 20 min
YX-WI,TFOX,Natural,31-Dec-2023,2,W,10,1138,0,
YX-WI,TFOX,Natural,31-Dec-2023,2,W,11,1143,1,
YX-WI,TFOX,Natural,31-Dec-2023,2,W,12,1147,1,BX-RI also rewarded
YX-WI,TFOX,Natural,31-Dec-2023,2,W,13,1151,1,PASSED R2
YX-WI,TFOX,Natural,31-Dec-2023,3,E,1,1154,0,
YX-WI,TFOX,Natural,31-Dec-2023,3,E,2,1156,1,BX-RI also rewarded
YX-WI,TFOX,Natural,31-Dec-2023,3,E,3,1157,1,BX-RI also rewarded
YX-WI,TFOX,Natural,31-Dec-2023,3,E,4,1158,1,
YX-WI,TFOX,Natural,31-Dec-2023,3,E,5,1200,1,BX-RI also rewarded
YX-WI,TFOX,Natural,31-Dec-2023,3,E,6,1202,1,BX-RI also rewarded
YX-WI,TFOX,Natural,31-Dec-2023,3,E,7,1203,1,
YX-WI,TFOX,Natural,31-Dec-2023,3,E,8,1203,1,
YX-WI,TFOX,Natural,31-Dec-2023,3,E,9,1204,1,
YX-WI,TFOX,Natural,31-Dec-2023,3,E,10,1205,1,BX-RI also rewarded
YX-WI,TFOX,Natural,31-Dec-2023,3,E,11,1206,1,BX-RI and XI-RH also rewarded
YX-WI,TFOX,Natural,31-Dec-2023,3,E,12,1208,1,PASSED R3
YX-WI,TFOX,Natural,31-Dec-2023,4,W,1,1212,0,
YX-WI,TFOX,Natural,31-Dec-2023,4,W,2,1220,1,
YX-WI,TFOX,Natural,31-Dec-2023,4,W,3,1227,1,BX-RI also rewarded
YX-WI,TFOX,Natural,31-Dec-2023,4,W,4,1228,1,
YX-WI,TFOX,Natural,31-Dec-2023,4,W,5,1229,1,BX-RI also rewarded
YX-WI,TFOX,Natural,31-Dec-2023,4,W,6,1232,1,
YX-WI,TFOX,Natural,31-Dec-2023,4,W,7,1233,1,BX-RI also rewarded
YX-WI,TFOX,Natural,31-Dec-2023,4,W,8,1235,1,BX-RI also rewarded
YX-WI,TFOX,Natural,31-Dec-2023,4,W,9,1236,1,BX-RI also rewarded
YX-WI,TFOX,Natural,31-Dec-2023,4,W,10,1237,1,
YX-WI,TFOX,Natural,31-Dec-2023,4,W,11,1238,1,BX-RI also rewarded
YX-WI,TFOX,Natural,31-Dec-2023,4,W,12,1239,1,PASSED R4 and Serial Reversals!
XY-I,PIPO,Natural,13-Dec-2023,0,W,1,1215,0,"UB and XHW-I from BRIK show up and chase XY-I some, lose interest after freebies in middle of feeders gone. Need distraction pile in BRIK next time."
XY-I,PIPO,Natural,13-Dec-2023,0,W,2,1216,1,
XY-I,PIPO,Natural,13-Dec-2023,0,W,3,1218,0,
XY-I,PIPO,Natural,13-Dec-2023,0,W,4,1219,1,Did not take peanut
XY-I,PIPO,Natural,13-Dec-2023,0,W,5,1222,0,
XY-I,PIPO,Natural,13-Dec-2023,0,W,6,1223,1,
XY-I,PIPO,Natural,13-Dec-2023,0,W,7,1243,1,"UB was back to chasing XY-I, but XY-I came back to feeders right as I go to end the session."
XY-I,PIPO,Natural,13-Dec-2023,0,W,8,1245,1,
XY-I,PIPO,Natural,13-Dec-2023,0,W,9,1247,1,
XY-I,PIPO,Natural,13-Dec-2023,0,W,10,1251,1,"West camera battery died, not sure when. End session."
XY-I,PIPO,Natural,14-Dec-2023,0,W,11,900,-1,Start 0825- XY-I sits in tree and looks at freebies but does not come down to freebies or feeders.
XY-I,PIPO,Natural,17-Dec-2023,0,W,11,923,1,"Start 0917, windy"
XY-I,PIPO,Natural,17-Dec-2023,0,W,12,929,1,
XY-I,PIPO,Natural,17-Dec-2023,0,W,13,942,1,PASSED R0
XY-I,PIPO,Natural,19-Dec-2023,1,E,1,759,0,
XY-I,PIPO,Natural,19-Dec-2023,1,E,2,804,0,
XY-I,PIPO,Natural,19-Dec-2023,1,E,3,813,1,
XY-I,PIPO,Natural,19-Dec-2023,1,E,4,819,1,
XY-I,PIPO,Natural,19-Dec-2023,1,E,5,821,1,
XY-I,PIPO,Natural,19-Dec-2023,1,E,6,823,1,
XY-I,PIPO,Natural,19-Dec-2023,1,E,7,839,1,
XY-I,PIPO,Natural,19-Dec-2023,1,E,8,842,1,
XY-I,PIPO,Natural,19-Dec-2023,1,E,9,859,-1,End session
XY-I,PIPO,Natural,30-Dec-2023,1,E,9,756,1,
XY-I,PIPO,Natural,30-Dec-2023,1,E,10,806,1,
XY-I,PIPO,Natural,30-Dec-2023,1,E,11,811,1,
XY-I,PIPO,Natural,30-Dec-2023,1,E,12,812,1,
XY-I,PIPO,Natural,30-Dec-2023,1,E,13,821,1,PASSED R1
XY-I,PIPO,Natural,30-Dec-2023,2,W,1,836,1,
XY-I,PIPO,Natural,30-Dec-2023,2,W,2,836,0,
XY-I,PIPO,Natural,30-Dec-2023,2,W,3,837,0,
XY-I,PIPO,Natural,30-Dec-2023,2,W,4,837,1,
XY-I,PIPO,Natural,30-Dec-2023,2,W,5,842,1,
XY-I,PIPO,Natural,30-Dec-2023,2,W,6,856,-1,
XY-I,PIPO,Natural,31-Dec-2023,2,W,6,752,1,
XY-I,PIPO,Natural,31-Dec-2023,2,W,7,753,1,
XY-I,PIPO,Natural,31-Dec-2023,2,W,8,755,0,
XY-I,PIPO,Natural,31-Dec-2023,2,W,9,756,0,
XY-I,PIPO,Natural,31-Dec-2023,2,W,10,757,1,
XY-I,PIPO,Natural,31-Dec-2023,2,W,11,807,1,
XY-I,PIPO,Natural,31-Dec-2023,2,W,12,810,1,
XY-I,PIPO,Natural,31-Dec-2023,2,W,13,814,1,
XY-I,PIPO,Natural,31-Dec-2023,2,W,14,817,1,
XY-I,PIPO,Natural,31-Dec-2023,2,W,15,822,1,PASSED R2
XY-I,PIPO,Natural,31-Dec-2023,3,E,1,825,0,
XY-I,PIPO,Natural,31-Dec-2023,3,E,2,825,0,
XY-I,PIPO,Natural,31-Dec-2023,3,E,3,826,1,
XY-I,PIPO,Natural,31-Dec-2023,3,E,4,830,1,
XY-I,PIPO,Natural,31-Dec-2023,3,E,5,831,1,
XY-I,PIPO,Natural,31-Dec-2023,3,E,6,833,1,
XY-I,PIPO,Natural,31-Dec-2023,3,E,7,834,1,
XY-I,PIPO,Natural,31-Dec-2023,3,E,8,837,1,
XY-I,PIPO,Natural,31-Dec-2023,3,E,9,838,0,
XY-I,PIPO,Natural,31-Dec-2023,3,E,10,839,0,
XY-I,PIPO,Natural,31-Dec-2023,3,E,11,845,1,
XY-I,PIPO,Natural,31-Dec-2023,3,E,12,849,1,
XY-I,PIPO,Natural,3-Jan-2024,3,E,13,815,0,
XY-I,PIPO,Natural,3-Jan-2024,3,E,14,816,1,
XY-I,PIPO,Natural,3-Jan-2024,3,E,15,818,1,
XY-I,PIPO,Natural,3-Jan-2024,3,E,16,819,1,
XY-I,PIPO,Natural,3-Jan-2024,3,E,17,829,1,
XY-I,PIPO,Natural,3-Jan-2024,3,E,18,830,1,
XY-I,PIPO,Natural,3-Jan-2024,3,E,19,837,0,
XY-I,PIPO,Natural,3-Jan-2024,3,E,20,845,1,
XY-I,PIPO,Natural,3-Jan-2024,3,E,21,847,1,
XY-I,PIPO,Natural,3-Jan-2024,3,E,22,852,1,PASSED R3
XY-I,PIPO,Natural,3-Jan-2024,4,W,1,858,1,
XY-I,PIPO,Natural,3-Jan-2024,4,W,2,911,1,
XY-I,PIPO,Natural,7-Jan-2024,4,W,3,845,1,
XY-I,PIPO,Natural,7-Jan-2024,4,W,4,903,1,
XY-I,PIPO,Natural,7-Jan-2024,4,W,5,905,0,
XY-I,PIPO,Natural,7-Jan-2024,4,W,6,906,1,
XY-I,PIPO,Natural,7-Jan-2024,4,W,7,909,1,
XY-I,PIPO,Natural,7-Jan-2024,4,W,8,915,1,
XY-I,PIPO,Natural,7-Jan-2024,4,W,9,922,1,
XY-I,PIPO,Natural,7-Jan-2024,4,W,10,938,0,
XY-I,PIPO,Natural,7-Jan-2024,4,W,11,939,1,
XY-I,PIPO,Natural,7-Jan-2024,4,W,12,941,1,PASSED R4
XY-I,PIPO,Natural,13-Jan-2024,5,E,1,848,0,
XY-I,PIPO,Natural,13-Jan-2024,5,E,2,852,1,
XY-I,PIPO,Natural,13-Jan-2024,5,E,3,855,1,
XY-I,PIPO,Natural,13-Jan-2024,5,E,4,908,1,
XY-I,PIPO,Natural,13-Jan-2024,5,E,5,918,1,
XY-I,PIPO,Natural,13-Jan-2024,5,E,6,926,1,
XY-I,PIPO,Natural,13-Jan-2024,5,E,7,930,0,
XY-I,PIPO,Natural,13-Jan-2024,5,E,8,931,1,
XY-I,PIPO,Natural,13-Jan-2024,5,E,9,950,1,
XY-I,PIPO,Natural,13-Jan-2024,5,E,10,954,1,
XY-I,PIPO,Natural,13-Jan-2024,5,E,11,1000,1,
XY-I,PIPO,Natural,13-Jan-2024,5,E,12,1014,1,PASSED R5 and serial reversals!
OW-XK,DG,Suburban,29-Dec-2023,0,E,1,847,1,
OW-XK,DG,Suburban,29-Dec-2023,0,E,2,913,1,
OW-XK,DG,Suburban,29-Dec-2023,0,E,3,921,1,
OW-XK,DG,Suburban,29-Dec-2023,0,E,4,924,0,
OW-XK,DG,Suburban,29-Dec-2023,0,E,5,926,1,
OW-XK,DG,Suburban,29-Dec-2023,0,E,6,947,-1,Came back for freebie at the last minute. 1-hr session up though.
OW-XK,DG,Suburban,2-Jan-2024,0,E,6,1044,1,Accidentally hit refill button 2x
OW-XK,DG,Suburban,2-Jan-2024,0,E,7,1058,0,
OW-XK,DG,Suburban,2-Jan-2024,0,E,8,1059,1,
OW-XK,DG,Suburban,2-Jan-2024,0,E,9,1105,1,
OW-XK,DG,Suburban,2-Jan-2024,0,E,10,1120,1,
OW-XK,DG,Suburban,2-Jan-2024,0,E,11,1121,1,
OW-XK,DG,Suburban,2-Jan-2024,0,E,12,1141,-1,
OW-XK,DG,Suburban,4-Jan-2024,0,E,12,1040,1,PASSED R0
OW-XK,DG,Suburban,10-Jan-2024,1,W,1,1211,0,
OW-XK,DG,Suburban,10-Jan-2024,1,W,2,1216,1,
OW-XK,DG,Suburban,10-Jan-2024,1,W,3,1223,1,
OW-XK,DG,Suburban,10-Jan-2024,1,W,4,1250,-1,
OW-XK,DG,Suburban,18-Jan-2024,1,W,4,1055,0,
OW-XK,DG,Suburban,18-Jan-2024,1,W,5,1055,1,
OW-XK,DG,Suburban,18-Jan-2024,1,W,6,1110,1,
OW-XK,DG,Suburban,18-Jan-2024,1,W,7,1119,1,
OW-XK,DG,Suburban,18-Jan-2024,1,W,8,1119,1,"Not back in 20 minutes, end session"
OW-XK,DG,Suburban,19-Jan-2024,1,W,9,1407,0,
OW-XK,DG,Suburban,19-Jan-2024,1,W,10,1408,1,
OW-XK,DG,Suburban,19-Jan-2024,1,W,11,1409,1,"Not back in 20 minutes, end session"
OW-XK,DG,Suburban,30-Jan-2024,1,W,12,1538,1,"Already on the ground at the feeder before cams on, so NO VIDEO FILE"
OW-XK,DG,Suburban,30-Jan-2024,1,W,13,1539,1,PASSED R1
AK-OX,Firestation,Suburban,29-Dec-2023,0,S,1,1226,1,"Whiteboard ID wrong - AK-OX was the first jay to come interact with feeder, so doing trials on it. Whiteboard says BX-WK because I thought it would be the first to interact."
AK-OX,Firestation,Suburban,29-Dec-2023,0,S,2,1231,0,
AK-OX,Firestation,Suburban,29-Dec-2023,0,S,3,1233,1,BX-WK also rewarded
AK-OX,Firestation,Suburban,29-Dec-2023,0,S,4,1245,1,
AK-OX,Firestation,Suburban,29-Dec-2023,0,S,5,1305,-1,Not back in 20 minutes. End session.
AK-OX,Firestation,Suburban,2-Jan-2024,0,S,5,853,0,
AK-OX,Firestation,Suburban,2-Jan-2024,0,S,6,855,0,
AK-OX,Firestation,Suburban,2-Jan-2024,0,S,7,935,-1,"Around, but not going to feeders"
AK-OX,Firestation,Suburban,10-Jan-2024,0,S,7,1339,1,
AK-OX,Firestation,Suburban,10-Jan-2024,0,S,8,1340,1,
AK-OX,Firestation,Suburban,10-Jan-2024,0,S,9,1342,1,
AK-OX,Firestation,Suburban,10-Jan-2024,0,S,10,1345,1,
AK-OX,Firestation,Suburban,10-Jan-2024,0,S,11,1349,1,
AK-OX,Firestation,Suburban,10-Jan-2024,0,S,12,1409,-1,"RSHA flies in, jays not back after"
AK-OX,Firestation,Suburban,19-Jan-2024,0,S,12,945,0,"Did not come back in 20 minutes, end session"
AK-OX,Firestation,Suburban,30-Jan-2024,0,S,13,833,1,BX-WK also rewarded
AK-OX,Firestation,Suburban,30-Jan-2024,0,S,14,834,1,
AK-OX,Firestation,Suburban,30-Jan-2024,0,S,15,835,1,
AK-OX,Firestation,Suburban,30-Jan-2024,0,S,16,835,1,
AK-OX,Firestation,Suburban,30-Jan-2024,0,S,17,838,1,PASSED R0; BX-WK also rewarded
AK-OX,Firestation,Suburban,30-Jan-2024,1,N,1,840,0,
AK-OX,Firestation,Suburban,30-Jan-2024,1,N,2,842,1,
AK-OX,Firestation,Suburban,30-Jan-2024,1,N,3,844,1,
AK-OX,Firestation,Suburban,30-Jan-2024,1,N,4,845,1,
AK-OX,Firestation,Suburban,30-Jan-2024,1,N,5,845,1,
AK-OX,Firestation,Suburban,30-Jan-2024,1,N,6,846,1,
AK-OX,Firestation,Suburban,30-Jan-2024,1,N,7,846,1,
AK-OX,Firestation,Suburban,30-Jan-2024,1,N,8,847,1,
AK-OX,Firestation,Suburban,30-Jan-2024,1,N,9,851,1,
AK-OX,Firestation,Suburban,30-Jan-2024,1,N,10,852,1,
AK-OX,Firestation,Suburban,30-Jan-2024,1,N,11,857,1,
AK-OX,Firestation,Suburban,30-Jan-2024,1,N,12,858,1,PASSED R1
AK-OX,Firestation,Suburban,30-Jan-2024,2,S,1,914,0,
AK-OX,Firestation,Suburban,30-Jan-2024,2,S,2,914,1,
AK-OX,Firestation,Suburban,31-Jan-2024,2,S,3,804,1,"Doesn't take the peanuts, chasing OW-XK"
AK-OX,Firestation,Suburban,31-Jan-2024,2,S,4,806,1,OW-XK also rewarded
AK-OX,Firestation,Suburban,31-Jan-2024,2,S,5,808,1,OW-XK also rewarded
AK-OX,Firestation,Suburban,31-Jan-2024,2,S,6,809,1,"OW-XK also rewarded, then chased"
AK-OX,Firestation,Suburban,31-Jan-2024,2,S,7,834,0,
AK-OX,Firestation,Suburban,31-Jan-2024,2,S,8,835,1,chasing OW-XK
AK-OX,Firestation,Suburban,7-Feb-2024,2,S,9,811,0,
AK-OX,Firestation,Suburban,7-Feb-2024,2,S,10,812,1,
AK-OX,Firestation,Suburban,7-Feb-2024,2,S,11,813,1,
AK-OX,Firestation,Suburban,7-Feb-2024,2,S,12,815,1,
AK-OX,Firestation,Suburban,7-Feb-2024,2,S,13,816,1,PASSED R2
AK-OX,Firestation,Suburban,7-Feb-2024,3,N,1,818,0,
AK-OX,Firestation,Suburban,7-Feb-2024,3,N,2,818,0,
AK-OX,Firestation,Suburban,7-Feb-2024,3,N,3,823,0,
AK-OX,Firestation,Suburban,7-Feb-2024,3,N,4,824,0,
AK-OX,Firestation,Suburban,7-Feb-2024,3,N,5,824,1,
AK-OX,Firestation,Suburban,7-Feb-2024,3,N,6,825,1,
AK-OX,Firestation,Suburban,7-Feb-2024,3,N,7,834,1,OW-XK rewarded
AK-OX,Firestation,Suburban,7-Feb-2024,3,N,8,837,1,
AK-OX,Firestation,Suburban,7-Feb-2024,3,N,9,841,1,
AK-OX,Firestation,Suburban,7-Feb-2024,3,N,10,842,1,
AK-OX,Firestation,Suburban,7-Feb-2024,3,N,11,842,1,
AK-OX,Firestation,Suburban,7-Feb-2024,3,N,12,846,1,
AK-OX,Firestation,Suburban,7-Feb-2024,3,N,13,847,1,
AK-OX,Firestation,Suburban,7-Feb-2024,3,N,14,849,1,PASSED R3
BX-RI,TFOX,Natural,7-Jan-2024,0,N,1,1309,0,
BX-RI,TFOX,Natural,7-Jan-2024,0,N,2,1310,1,
BX-RI,TFOX,Natural,7-Jan-2024,0,N,3,1312,1,
BX-RI,TFOX,Natural,7-Jan-2024,0,N,4,1313,1,
BX-RI,TFOX,Natural,7-Jan-2024,0,N,5,1314,1,
BX-RI,TFOX,Natural,7-Jan-2024,0,N,6,1316,1,UB also rewarded
BX-RI,TFOX,Natural,7-Jan-2024,0,N,7,1317,1,
BX-RI,TFOX,Natural,7-Jan-2024,0,N,8,1317,1,"UB at tray, but displaced by BX-RI"
BX-RI,TFOX,Natural,7-Jan-2024,0,N,9,1319,1,XI-RH also rewarded
BX-RI,TFOX,Natural,7-Jan-2024,0,N,10,1320,1,XI-RH also rewarded
BX-RI,TFOX,Natural,7-Jan-2024,0,N,11,1328,1,
BX-RI,TFOX,Natural,7-Jan-2024,0,N,12,1329,1,PASSED R0
BX-RI,TFOX,Natural,7-Jan-2024,1,S,1,1333,0,
BX-RI,TFOX,Natural,7-Jan-2024,1,S,2,1334,0,
BX-RI,TFOX,Natural,7-Jan-2024,1,S,3,1336,0,
BX-RI,TFOX,Natural,7-Jan-2024,1,S,4,1353,0,
BX-RI,TFOX,Natural,9-Jan-2024,1,S,5,1118,1,XI-RH also rewarded
BX-RI,TFOX,Natural,9-Jan-2024,1,S,6,1121,1,XI-RH & YX-WI also rewarded
BX-RI,TFOX,Natural,9-Jan-2024,1,S,7,1123,1,
BX-RI,TFOX,Natural,9-Jan-2024,1,S,8,1124,1,YX-WI also rewarded
BX-RI,TFOX,Natural,9-Jan-2024,1,S,9,1125,1,G-X also rewarded
BX-RI,TFOX,Natural,9-Jan-2024,1,S,10,1126,1,YX-WI also rewarded
BX-RI,TFOX,Natural,9-Jan-2024,1,S,11,1127,1,YX-WI also rewarded
BX-RI,TFOX,Natural,9-Jan-2024,1,S,12,1128,1,YX-WI also rewarded
BX-RI,TFOX,Natural,9-Jan-2024,1,S,13,1131,1,YX-WI also rewarded
BX-RI,TFOX,Natural,9-Jan-2024,1,S,14,1135,1,PASSED R1
BX-RI,TFOX,Natural,9-Jan-2024,2,N,1,1142,0,
BX-RI,TFOX,Natural,9-Jan-2024,2,N,2,1143,0,
BX-RI,TFOX,Natural,9-Jan-2024,2,N,3,1146,0,displaced XI-RH at feeder
BX-RI,TFOX,Natural,9-Jan-2024,2,N,4,1156,0,accidentally pressed refill button but BX-RI didn't see
BX-RI,TFOX,Natural,9-Jan-2024,2,N,5,1158,1,
BX-RI,TFOX,Natural,9-Jan-2024,2,N,6,1159,1,
BX-RI,TFOX,Natural,9-Jan-2024,2,N,7,1159,1,
BX-RI,TFOX,Natural,9-Jan-2024,2,N,8,1200,1,
BX-RI,TFOX,Natural,9-Jan-2024,2,N,9,1201,1,
BX-RI,TFOX,Natural,9-Jan-2024,2,N,10,1202,1,YX-WI also rewarded
BX-RI,TFOX,Natural,9-Jan-2024,2,N,11,1203,1,YX-WI also rewarded
BX-RI,TFOX,Natural,9-Jan-2024,2,N,12,1205,1,YX-WI also rewarded
BX-RI,TFOX,Natural,9-Jan-2024,2,N,13,1206,1,YX-WI also rewarded
BX-RI,TFOX,Natural,9-Jan-2024,2,N,14,1207,1,PASSED R2
BX-RI,TFOX,Natural,13-Jan-2024,3,S,1,1041,0,
BX-RI,TFOX,Natural,13-Jan-2024,3,S,2,1047,0,
BX-RI,TFOX,Natural,13-Jan-2024,3,S,3,1049,1,YX-WI also rewarded
BX-RI,TFOX,Natural,13-Jan-2024,3,S,4,1051,1,YX-WI and G-X and UB also rewarded
BX-RI,TFOX,Natural,13-Jan-2024,3,S,5,1053,1,YW-WI and UB also rewarded
BX-RI,TFOX,Natural,13-Jan-2024,3,S,6,1054,1,YX-WI displaces BX-RI
BX-RI,TFOX,Natural,13-Jan-2024,3,S,7,1058,1,YX-WI displaces BX-RI
BX-RI,TFOX,Natural,13-Jan-2024,3,S,8,1059,1,YX-WI and XI-RH also rewarded
BX-RI,TFOX,Natural,13-Jan-2024,3,S,9,1100,1,YX-WI also rewarded
BX-RI,TFOX,Natural,13-Jan-2024,3,S,10,1103,1,G-X also rewarded
BX-RI,TFOX,Natural,13-Jan-2024,3,S,11,1104,0,
BX-RI,TFOX,Natural,13-Jan-2024,3,S,12,1105,1,
BX-RI,TFOX,Natural,13-Jan-2024,3,S,13,1106,1,PASSED R3
BX-RI,TFOX,Natural,13-Jan-2024,4,N,1,1111,1,YX-WI also rewarded
BX-RI,TFOX,Natural,13-Jan-2024,4,N,2,1113,1,
BX-RI,TFOX,Natural,13-Jan-2024,4,N,3,1114,1,
BX-RI,TFOX,Natural,13-Jan-2024,4,N,4,1116,0,
BX-RI,TFOX,Natural,13-Jan-2024,4,N,5,1116,1,
BX-RI,TFOX,Natural,13-Jan-2024,4,N,6,1118,0,
BX-RI,TFOX,Natural,13-Jan-2024,4,N,7,1119,1,
BX-RI,TFOX,Natural,13-Jan-2024,4,N,8,1123,1,YX-WI also rewarded
BX-RI,TFOX,Natural,13-Jan-2024,4,N,9,1125,1,
BX-RI,TFOX,Natural,13-Jan-2024,4,N,10,1128,1,
BX-RI,TFOX,Natural,13-Jan-2024,4,N,11,1130,1,G-X also rewarded
BX-RI,TFOX,Natural,13-Jan-2024,4,N,12,1134,1,PASSED R4
BX-RI,TFOX,Natural,20-Jan-2024,5,S,1,1356,0,
BX-RI,TFOX,Natural,20-Jan-2024,5,S,2,1357,1,
BX-RI,TFOX,Natural,20-Jan-2024,5,S,3,1401,0,
BX-RI,TFOX,Natural,20-Jan-2024,5,S,4,1403,1,YX-WI and XI-RH also rewarded
BX-RI,TFOX,Natural,20-Jan-2024,5,S,5,1404,1,XI-RH also rewarded
BX-RI,TFOX,Natural,20-Jan-2024,5,S,6,1406,1,YX-WI and XI-RH and G-X also rewarded
BX-RI,TFOX,Natural,20-Jan-2024,5,S,7,1407,1,YX-WI and XI-RH also rewarded
BX-RI,TFOX,Natural,20-Jan-2024,5,S,8,1408,1,YX-WI and G-X also rewarded
BX-RI,TFOX,Natural,20-Jan-2024,5,S,9,1409,1,
BX-RI,TFOX,Natural,20-Jan-2024,5,S,10,1410,1,YX-WI also rewarded
BX-RI,TFOX,Natural,20-Jan-2024,5,S,11,1412,1,
BX-RI,TFOX,Natural,20-Jan-2024,5,S,12,1414,1,PASSED R5 and serial reversals! YX-WI also rewarded
H-RWX,FARE,Natural,10-Jan-2024,0,S,1,1543,0,
H-RWX,FARE,Natural,10-Jan-2024,0,S,2,1548,1,"YG -XI also rewarded, maybe"
H-RWX,FARE,Natural,10-Jan-2024,0,S,3,1551,1,YG-XI and I-XPO also rewarded
H-RWX,FARE,Natural,10-Jan-2024,0,S,4,1611,-1,
H-RWX,FARE,Natural,12-Jan-2024,0,S,4,1231,1,
H-RWX,FARE,Natural,12-Jan-2024,0,S,5,1234,1,YG-XI also rewarded
H-RWX,FARE,Natural,12-Jan-2024,0,S,6,1239,1,YG-XI also rewarded
H-RWX,FARE,Natural,12-Jan-2024,0,S,7,1248,1,
H-RWX,FARE,Natural,12-Jan-2024,0,S,8,1250,1,
H-RWX,FARE,Natural,12-Jan-2024,0,S,9,1254,1,YG-XI also rewarded
H-RWX,FARE,Natural,12-Jan-2024,0,S,10,1301,1,
H-RWX,FARE,Natural,12-Jan-2024,0,S,11,1302,1,I-XPO also rewarded
H-RWX,FARE,Natural,12-Jan-2024,0,S,12,1308,1,PASSED R0
H-RWX,FARE,Natural,15-Jan-2024,1,N,1,1011,1,
H-RWX,FARE,Natural,15-Jan-2024,1,N,2,1014,1,YG-XI also rewarded
H-RWX,FARE,Natural,15-Jan-2024,1,N,3,1017,1,
H-RWX,FARE,Natural,15-Jan-2024,1,N,4,1024,1,
H-RWX,FARE,Natural,15-Jan-2024,1,N,5,1032,1,I-XPO also rewarded
H-RWX,FARE,Natural,15-Jan-2024,1,N,6,1035,1,YG-XI also rewarded
H-RWX,FARE,Natural,15-Jan-2024,1,N,7,1040,0,
H-RWX,FARE,Natural,15-Jan-2024,1,N,8,1041,1,"YG-XI also rewarded; 1044 remove the cameras because it is raining, continue session."
H-RWX,FARE,Natural,15-Jan-2024,1,N,9,1045,1,YG-XI also rewarded
H-RWX,FARE,Natural,15-Jan-2024,1,N,10,1052,1,YG-XI also rewarded
H-RWX,FARE,Natural,15-Jan-2024,1,N,11,1100,1,YG-XI also rewarded
H-RWX,FARE,Natural,15-Jan-2024,1,N,12,1113,1,PASSED R1; YG-XI & I-XPO also rewarded
H-RWX,FARE,Natural,17-Jan-2024,2,S,1,1221,0,
H-RWX,FARE,Natural,17-Jan-2024,2,S,2,1223,1,YG-XI also rewarded
H-RWX,FARE,Natural,17-Jan-2024,2,S,3,1227,1,YG-XI also rewarded
H-RWX,FARE,Natural,17-Jan-2024,2,S,4,1239,1,YG-XI also rewarded
H-RWX,FARE,Natural,17-Jan-2024,2,S,5,1252,1,
H-RWX,FARE,Natural,17-Jan-2024,2,S,6,1258,1,I-XPO also rewarded
H-RWX,FARE,Natural,17-Jan-2024,2,S,7,1301,1,
H-RWX,FARE,Natural,17-Jan-2024,2,S,8,1306,1,
H-RWX,FARE,Natural,17-Jan-2024,2,S,9,1316,1,Session times out
H-RWX,FARE,Natural,19-Jan-2024,2,S,10,937,1,
H-RWX,FARE,Natural,19-Jan-2024,2,S,11,942,1,"Before this trial, I accidentally hit refill button when H-RWX not around (but I-XPO and YG-XI around)"
H-RWX,FARE,Natural,19-Jan-2024,2,S,12,947,1,
H-RWX,FARE,Natural,19-Jan-2024,3,N,1,951,0,
H-RWX,FARE,Natural,19-Jan-2024,3,N,2,952,1,YG-XI also rewarded
H-RWX,FARE,Natural,19-Jan-2024,3,N,3,955,1,
H-RWX,FARE,Natural,19-Jan-2024,3,N,4,957,1,
H-RWX,FARE,Natural,19-Jan-2024,3,N,5,1005,1,YG-XI and I-XPO also rewarded
H-RWX,FARE,Natural,19-Jan-2024,3,N,6,1009,1,
H-RWX,FARE,Natural,19-Jan-2024,3,N,7,1017,1,YG-XI also rewarded
H-RWX,FARE,Natural,19-Jan-2024,3,N,8,1028,1,YG-XI also rewarded
H-RWX,FARE,Natural,19-Jan-2024,3,N,9,1038,1,YG-XI also rewarded
H-RWX,FARE,Natural,22-Jan-2024,3,N,10,1328,1,
H-RWX,FARE,Natural,22-Jan-2024,3,N,11,1329,1,
H-RWX,FARE,Natural,22-Jan-2024,3,N,12,1336,1,PASSED R3 AND SERIAL REVERSALS
GX-OK,JC,Suburban,10-Jan-2024,0,N,1,817,0,
GX-OK,JC,Suburban,10-Jan-2024,0,N,2,819,0,
GX-OK,JC,Suburban,10-Jan-2024,0,N,3,830,1,Nervous and didn't take peanut
GX-OK,JC,Suburban,10-Jan-2024,0,N,4,837,1,Nervous and didn't take peanut; did rehabituation with one feeder in different location afterwards
GX-OK,JC,Suburban,18-Jan-2024,0,N,5,1443,1,
GX-OK,JC,Suburban,18-Jan-2024,0,N,6,1458,0,
GX-OK,JC,Suburban,18-Jan-2024,0,N,7,1504,1,"Not back in 20 minutes, end session"
GX-OK,JC,Suburban,19-Jan-2024,0,N,8,1211,1,
GX-OK,JC,Suburban,19-Jan-2024,0,N,9,1213,1,But spooked by something and didn't take peanuts from tray. Tossed freebie peanut to reward
GX-OK,JC,Suburban,19-Jan-2024,0,N,10,1220,1,
GX-OK,JC,Suburban,19-Jan-2024,0,N,11,1224,1,"Having battery issues so no peanuts go into tray. Tossed freebie peanut to reward, change batteries"
GX-OK,JC,Suburban,19-Jan-2024,0,N,12,1234,1,
GX-OK,JC,Suburban,22-Jan-2024,0,N,13,939,1,PASSED R0
GX-OK,JC,Suburban,22-Jan-2024,1,S,1,947,0,
GX-OK,JC,Suburban,22-Jan-2024,1,S,2,1020,0,Jays hanging around but not approaching feeders. End session 1020
GX-OK,JC,Suburban,23-Jan-2024,1,S,3,1040,-1,Jays around but not going to feeders
GX-OK,JC,Suburban,26-Jan-2024,1,S,3,849,0,
GX-OK,JC,Suburban,30-Jan-2024,1,S,4,1033,0,Jays around but not going to feeders
GX-OK,JC,Suburban,5-Feb-2024,1,S,5,1013,0,
GX-OK,JC,Suburban,7-Feb-2024,1,S,6,1030,1,
GX-OK,JC,Suburban,7-Feb-2024,1,S,7,1031,1,
GX-OK,JC,Suburban,7-Feb-2024,1,S,8,1036,1,"feeder jams, toss freebie peanut"
GX-OK,JC,Suburban,7-Feb-2024,1,S,9,1039,1,
GX-OK,JC,Suburban,7-Feb-2024,1,S,10,1042,1,
GX-OK,JC,Suburban,7-Feb-2024,1,S,11,1049,1,
GX-OK,JC,Suburban,7-Feb-2024,1,S,12,1050,1,WX-RK rewarded
GX-OK,JC,Suburban,7-Feb-2024,1,S,13,1051,1,
GX-OK,JC,Suburban,7-Feb-2024,1,S,14,1052,1,
GX-OK,JC,Suburban,7-Feb-2024,1,S,15,1054,1,PASSED R1
H-GWX,BAMA,Natural,20-Jan-2024,0,N,1,904,0,
H-GWX,BAMA,Natural,20-Jan-2024,0,N,2,904,1,
H-GWX,BAMA,Natural,20-Jan-2024,0,N,3,908,1,
H-GWX,BAMA,Natural,20-Jan-2024,0,N,4,910,1,
H-GWX,BAMA,Natural,20-Jan-2024,0,N,5,914,1,
H-GWX,BAMA,Natural,20-Jan-2024,0,N,6,916,1,
H-GWX,BAMA,Natural,20-Jan-2024,0,N,7,917,1,
H-GWX,BAMA,Natural,20-Jan-2024,0,N,8,931,1,
H-GWX,BAMA,Natural,20-Jan-2024,0,N,9,940,1,
H-GWX,BAMA,Natural,20-Jan-2024,0,N,10,955,1,
H-GWX,BAMA,Natural,20-Jan-2024,0,N,11,957,1,
H-GWX,BAMA,Natural,20-Jan-2024,0,N,12,1011,1,PASSED R0
H-GWX,BAMA,Natural,21-Jan-2024,1,S,1,856,0,Then did not come back with 20 min
H-GWX,BAMA,Natural,24-Jan-2024,1,S,2,927,0,
H-GWX,BAMA,Natural,24-Jan-2024,1,S,3,932,1,UB also rewarded
H-GWX,BAMA,Natural,24-Jan-2024,1,S,4,952,1,UB also rewarded
H-GWX,BAMA,Natural,25-Jan-2024,1,S,5,859,1,
H-GWX,BAMA,Natural,25-Jan-2024,1,S,6,901,1,Chasing. Not back in 20 minutes
H-GWX,BAMA,Natural,28-Jan-2024,1,S,7,924,0,
H-GWX,BAMA,Natural,28-Jan-2024,1,S,8,926,1,"UB also rewarded, then chasing"
H-GWX,BAMA,Natural,28-Jan-2024,1,S,9,958,0,
H-GWX,BAMA,Natural,28-Jan-2024,1,S,10,959,1,
H-GWX,BAMA,Natural,28-Jan-2024,1,S,11,1002,1,UB also rewarded
H-GWX,BAMA,Natural,28-Jan-2024,1,S,12,1005,1,
H-GWX,BAMA,Natural,28-Jan-2024,1,S,13,1008,1,UB also rewarded
H-GWX,BAMA,Natural,28-Jan-2024,1,S,14,1017,1,PASSED R1; UB also rewarded
H-GWX,BAMA,Natural,29-Jan-2024,2,N,1,831,1,
H-GWX,BAMA,Natural,29-Jan-2024,2,N,2,838,0,
H-GWX,BAMA,Natural,29-Jan-2024,2,N,3,844,0,
H-GWX,BAMA,Natural,29-Jan-2024,2,N,4,847,1,UB rewarded
H-GWX,BAMA,Natural,29-Jan-2024,2,N,5,853,1,UB rewarded
H-GWX,BAMA,Natural,29-Jan-2024,2,N,6,854,1,UB rewarded
H-GWX,BAMA,Natural,29-Jan-2024,2,N,7,901,1,UB rewarded
H-GWX,BAMA,Natural,29-Jan-2024,2,N,8,903,1,UB rewarded
H-GWX,BAMA,Natural,29-Jan-2024,2,N,9,909,1,UB rewarded
H-GWX,BAMA,Natural,29-Jan-2024,2,N,10,915,0,
H-GWX,BAMA,Natural,29-Jan-2024,2,N,11,916,0,
H-GWX,BAMA,Natural,29-Jan-2024,2,N,12,918,1,
H-GWX,BAMA,Natural,29-Jan-2024,2,N,13,929,1,
H-GWX,BAMA,Natural,29-Jan-2024,2,N,14,934,1,
H-GWX,BAMA,Natural,29-Jan-2024,2,N,15,935,1,PASSED R2
H-GWX,BAMA,Natural,1-Feb-2024,3,S,1,812,1,UB rewarded
H-GWX,BAMA,Natural,1-Feb-2024,3,S,2,827,1,UB and I-AXG rewarded
H-GWX,BAMA,Natural,1-Feb-2024,3,S,3,841,1,UB and I-AXG rewarded
H-GWX,BAMA,Natural,1-Feb-2024,3,S,4,847,1,UB and I-AXG rewarded
H-GWX,BAMA,Natural,1-Feb-2024,3,S,5,854,1,UB and I-AXG rewarded
H-GWX,BAMA,Natural,1-Feb-2024,3,S,6,855,1,UB and I-AXG rewarded
H-GWX,BAMA,Natural,1-Feb-2024,3,S,7,857,1,UB rewarded
H-GWX,BAMA,Natural,1-Feb-2024,3,S,8,859,1,UB and I-AXG rewarded
H-GWX,BAMA,Natural,1-Feb-2024,3,S,9,902,1,UB rewarded
H-GWX,BAMA,Natural,3-Feb-2024,3,S,10,805,1,UB rewarded
H-GWX,BAMA,Natural,3-Feb-2024,3,S,11,811,0,
H-GWX,BAMA,Natural,3-Feb-2024,3,S,12,811,1,PASSED R3; UB and I-AXG rewarded
H-GWX,BAMA,Natural,3-Feb-2024,4,N,1,819,0,
H-GWX,BAMA,Natural,3-Feb-2024,4,N,2,821,0,
H-GWX,BAMA,Natural,3-Feb-2024,4,N,3,831,1,UB and I-AXG rewarded
H-GWX,BAMA,Natural,3-Feb-2024,4,N,4,842,1,
H-GWX,BAMA,Natural,3-Feb-2024,4,N,5,844,1,UB and I-AXG rewarded
H-GWX,BAMA,Natural,3-Feb-2024,4,N,6,853,1,UB and I-AXG rewarded
H-GWX,BAMA,Natural,3-Feb-2024,4,N,7,854,1,I-AXG rewarded
H-GWX,BAMA,Natural,3-Feb-2024,4,N,8,900,1,I-AXG rewarded
H-GWX,BAMA,Natural,3-Feb-2024,4,N,9,902,1,UB and I-AXG rewarded
H-GWX,BAMA,Natural,3-Feb-2024,4,N,10,904,1,I-AXG rewarded
H-GWX,BAMA,Natural,3-Feb-2024,4,N,11,905,1,I-AXG rewarded
H-GWX,BAMA,Natural,3-Feb-2024,4,N,12,907,1,PASSED R4 AND SERIAL REVERSALS; UB and I-AXG rewarded
XHW-I,PIPO,Natural,21-Jan-2024,0,W,1,1010,1,
XHW-I,PIPO,Natural,21-Jan-2024,0,W,2,1016,1,UB also rewarded
XHW-I,PIPO,Natural,21-Jan-2024,0,W,3,1020,1,
XHW-I,PIPO,Natural,21-Jan-2024,0,W,4,1022,1,UB also rewarded
XHW-I,PIPO,Natural,21-Jan-2024,0,W,5,1036,0,
XHW-I,PIPO,Natural,21-Jan-2024,0,W,6,1036,1,Not back in 20 min
XHW-I,PIPO,Natural,24-Jan-2024,0,W,7,1016,1,
XHW-I,PIPO,Natural,24-Jan-2024,0,W,8,1022,1,RBWO displaces XHW-I
XHW-I,PIPO,Natural,24-Jan-2024,0,W,9,1041,1,
XHW-I,PIPO,Natural,24-Jan-2024,0,W,10,1046,1,
XHW-I,PIPO,Natural,28-Jan-2024,0,W,11,1139,1,
XHW-I,PIPO,Natural,28-Jan-2024,0,W,12,1141,1,PASSED R0
XHW-I,PIPO,Natural,28-Jan-2024,1,E,1,1152,0,
XHW-I,PIPO,Natural,28-Jan-2024,1,E,2,1155,0,Then not back in 20 mins
XHW-I,PIPO,Natural,29-Jan-2024,1,E,3,1028,0,
XHW-I,PIPO,Natural,29-Jan-2024,1,E,4,1030,1,
XHW-I,PIPO,Natural,29-Jan-2024,1,E,5,1058,0,
XHW-I,PIPO,Natural,29-Jan-2024,1,E,6,1059,1,UB also rewarded
XHW-I,PIPO,Natural,29-Jan-2024,1,E,7,1105,1,
XHW-I,PIPO,Natural,29-Jan-2024,1,E,8,1117,0,
XHW-I,PIPO,Natural,29-Jan-2024,1,E,9,1120,1,UB also rewarded
XHW-I,PIPO,Natural,1-Feb-2024,1,E,10,1013,1,UB also rewarded
XHW-I,PIPO,Natural,1-Feb-2024,1,E,11,1019,0,
XHW-I,PIPO,Natural,1-Feb-2024,1,E,12,1020,1,UB also rewarded
XHW-I,PIPO,Natural,3-Feb-2024,1,E,13,1053,0,
XHW-I,PIPO,Natural,3-Feb-2024,1,E,14,1055,1,
XHW-I,PIPO,Natural,3-Feb-2024,1,E,15,1106,0,
XHW-I,PIPO,Natural,3-Feb-2024,1,E,16,1107,1,
XHW-I,PIPO,Natural,3-Feb-2024,1,E,17,1120,0,
XHW-I,PIPO,Natural,3-Feb-2024,1,E,18,1121,1,
XHW-I,PIPO,Natural,3-Feb-2024,1,E,19,1139,1,
XHW-I,PIPO,Natural,3-Feb-2024,1,E,20,1146,1,
XHW-I,PIPO,Natural,3-Feb-2024,1,E,21,1204,1,
XHW-I,PIPO,Natural,3-Feb-2024,1,E,22,1218,0,
XHW-I,PIPO,Natural,3-Feb-2024,1,E,23,1219,1,UB rewarded
XHW-I,PIPO,Natural,6-Feb-2024,1,E,24,903,0,
XHW-I,PIPO,Natural,6-Feb-2024,1,E,25,904,1,UB rewarded
XHW-I,PIPO,Natural,6-Feb-2024,1,E,26,907,0,
XHW-I,PIPO,Natural,6-Feb-2024,1,E,27,908,1,
XHW-I,PIPO,Natural,6-Feb-2024,1,E,28,910,1,UB rewarded
XHW-I,PIPO,Natural,6-Feb-2024,1,E,29,915,1,
XHW-I,PIPO,Natural,6-Feb-2024,1,E,30,917,0,
XHW-I,PIPO,Natural,6-Feb-2024,1,E,31,923,1,
XHW-I,PIPO,Natural,6-Feb-2024,1,E,32,932,1,But then chases and does not take peanuts
XHW-I,PIPO,Natural,6-Feb-2024,1,E,33,937,1,
XHW-I,PIPO,Natural,6-Feb-2024,1,E,34,940,1,
XHW-I,PIPO,Natural,6-Feb-2024,1,E,35,948,0,
XHW-I,PIPO,Natural,6-Feb-2024,1,E,36,950,1,UB rewarded
XHW-I,PIPO,Natural,8-Feb-2024,1,E,37,1037,1,UB rewarded
XHW-I,PIPO,Natural,8-Feb-2024,1,E,38,1052,1,"PASSED R1, FINALLY!!!! UB rewarded"
XHW-I,PIPO,Natural,8-Feb-2024,2,W,1,1058,1,UB rewarded
XHW-I,PIPO,Natural,8-Feb-2024,2,W,2,1101,0,
XHW-I,PIPO,Natural,8-Feb-2024,2,W,3,1103,1,
XHW-I,PIPO,Natural,8-Feb-2024,2,W,4,1103,1,UB rewarded
XHW-I,PIPO,Natural,8-Feb-2024,2,W,5,1113,1,
XHW-I,PIPO,Natural,8-Feb-2024,2,W,6,1114,1,
XHW-I,PIPO,Natural,8-Feb-2024,2,W,7,1119,1,
XHW-I,PIPO,Natural,8-Feb-2024,2,W,8,1121,0,
XHW-I,PIPO,Natural,8-Feb-2024,2,W,9,1123,0,
XHW-I,PIPO,Natural,8-Feb-2024,2,W,10,1124,1,
XHW-I,PIPO,Natural,8-Feb-2024,2,W,11,1130,1,UB rewarded
XHW-I,PIPO,Natural,10-Feb-2024,2,W,12,919,1,
XHW-I,PIPO,Natural,10-Feb-2024,2,W,13,921,0,
XHW-I,PIPO,Natural,10-Feb-2024,2,W,14,922,1,UB rewarded
XHW-I,PIPO,Natural,10-Feb-2024,2,W,15,931,1,
XHW-I,PIPO,Natural,10-Feb-2024,2,W,16,934,1,
XHW-I,PIPO,Natural,10-Feb-2024,2,W,17,937,1,
XHW-I,PIPO,Natural,10-Feb-2024,2,W,18,939,1,
XHW-I,PIPO,Natural,10-Feb-2024,2,W,19,946,0,
XHW-I,PIPO,Natural,10-Feb-2024,2,W,20,947,1,UB rewarded? and RBWO
XHW-I,PIPO,Natural,10-Feb-2024,2,W,21,950,1,PASSED R2
XHW-I,PIPO,Natural,11-Feb-2024,3,E,1,1002,0,
XHW-I,PIPO,Natural,11-Feb-2024,3,E,2,1003,1,
XHW-I,PIPO,Natural,11-Feb-2024,3,E,3,1015,0,
XHW-I,PIPO,Natural,11-Feb-2024,3,E,4,1016,1,
XHW-I,PIPO,Natural,11-Feb-2024,3,E,5,1018,1,
XHW-I,PIPO,Natural,11-Feb-2024,3,E,6,1021,1,UB rewarded
XHW-I,PIPO,Natural,11-Feb-2024,3,E,7,1029,1,UB rewarded
XHW-I,PIPO,Natural,11-Feb-2024,3,E,8,1037,1,UB rewarded; switch feeders because low battery in East one
XHW-I,PIPO,Natural,11-Feb-2024,3,E,9,1054,1,UB rewarded
XHW-I,PIPO,Natural,11-Feb-2024,3,E,10,1101,0,
XHW-I,PIPO,Natural,11-Feb-2024,3,E,11,1102,1,UB rewarded
XHW-I,PIPO,Natural,11-Feb-2024,3,E,12,1112,1,
XHW-I,PIPO,Natural,11-Feb-2024,3,E,13,1126,1,PASSED R3; UB rewarded
XHW-I,PIPO,Natural,16-Feb-2024,4,W,1,901,1,RBWO displaces him; UB rewarded
XHW-I,PIPO,Natural,16-Feb-2024,4,W,2,903,1,RBWO displaces
XHW-I,PIPO,Natural,16-Feb-2024,4,W,3,905,1,RBWO displaces
XHW-I,PIPO,Natural,16-Feb-2024,4,W,4,932,0,
XHW-I,PIPO,Natural,16-Feb-2024,4,W,5,933,1,RBWO displaces; UB rewarded
XHW-I,PIPO,Natural,16-Feb-2024,4,W,6,950,1,RBWO displaces; UB rewarded
XHW-I,PIPO,Natural,16-Feb-2024,4,W,7,958,1,
XHW-I,PIPO,Natural,16-Feb-2024,4,W,8,1009,1,
XHW-I,PIPO,Natural,17-Feb-2024,4,W,9,1040,1,
XHW-I,PIPO,Natural,17-Feb-2024,4,W,10,1043,0,
XHW-I,PIPO,Natural,17-Feb-2024,4,W,11,1045,1,RBWO displaces; UB rewarded
XHW-I,PIPO,Natural,17-Feb-2024,4,W,12,1051,1,PASSED R4
XHW-I,PIPO,Natural,17-Feb-2024,5,E,1,1056,1,RBWO displaces
XHW-I,PIPO,Natural,17-Feb-2024,5,E,2,1058,0,RBWO displaces
XHW-I,PIPO,Natural,17-Feb-2024,5,E,3,1105,0,
XHW-I,PIPO,Natural,17-Feb-2024,5,E,4,1105,1,UB rewarded
XHW-I,PIPO,Natural,17-Feb-2024,5,E,5,1109,1,UB rewarded
XHW-I,PIPO,Natural,17-Feb-2024,5,E,6,1112,1,UB rewarded
XHW-I,PIPO,Natural,17-Feb-2024,5,E,7,1116,1,UB rewarded
XHW-I,PIPO,Natural,17-Feb-2024,5,E,8,1137,1,
XHW-I,PIPO,Natural,19-Feb-2024,5,E,9,936,1,
XHW-I,PIPO,Natural,19-Feb-2024,5,E,10,948,1,RBWO displaces him
XHW-I,PIPO,Natural,20-Feb-2024,5,E,11,1119,1,
XHW-I,PIPO,Natural,20-Feb-2024,5,E,12,1120,1,PASSED R5 AND SERIAL REVERSALS; UB rewarded
XI-RH,TFOX,Natural,21-Jan-2024,0,E,1,1355,1,
XI-RH,TFOX,Natural,21-Jan-2024,0,E,2,1405,1,BX-RI also rewarded
XI-RH,TFOX,Natural,21-Jan-2024,0,E,3,1407,0,
XI-RH,TFOX,Natural,21-Jan-2024,0,E,4,1408,1,BX-RI also rewarded
XI-RH,TFOX,Natural,21-Jan-2024,0,E,5,1409,1,BX-RI also rewarded
XI-RH,TFOX,Natural,21-Jan-2024,0,E,6,1412,1,BX-RI also rewarded
XI-RH,TFOX,Natural,21-Jan-2024,0,E,7,1416,1,BX-RI also rewarded
XI-RH,TFOX,Natural,24-Jan-2024,0,E,8,1524,1,BX-RI and YX-WI also rewarded
XI-RH,TFOX,Natural,24-Jan-2024,0,E,9,1526,1,BX-RI and YX-WI also rewarded
XI-RH,TFOX,Natural,24-Jan-2024,0,E,10,1547,0,
XI-RH,TFOX,Natural,24-Jan-2024,0,E,11,1549,1,BX-RI and YX-WI also rewarded
XI-RH,TFOX,Natural,24-Jan-2024,0,E,12,1555,0,Then goes to sentinel right after so end session
XI-RH,TFOX,Natural,25-Jan-2024,0,E,13,1158,1,Pushed button too late and she flew off without eating peanuts
XI-RH,TFOX,Natural,25-Jan-2024,0,E,14,1215,0,
XI-RH,TFOX,Natural,25-Jan-2024,0,E,15,1221,1,BX-RI and YX-WI also rewarded
XI-RH,TFOX,Natural,25-Jan-2024,0,E,16,1224,1,
XI-RH,TFOX,Natural,25-Jan-2024,0,E,17,1237,1,
XI-RH,TFOX,Natural,25-Jan-2024,0,E,18,1239,1,YX-WI also rewarded
XI-RH,TFOX,Natural,25-Jan-2024,0,E,19,1240,1,YX-WI also rewarded
XI-RH,TFOX,Natural,25-Jan-2024,0,E,20,1241,1,
XI-RH,TFOX,Natural,25-Jan-2024,0,E,21,1244,1,BX-RI and YX-WI also rewarded
XI-RH,TFOX,Natural,25-Jan-2024,0,E,22,1245,1,
XI-RH,TFOX,Natural,25-Jan-2024,0,E,23,1248,1,BX-RI and YX-WI also rewarded
XI-RH,TFOX,Natural,25-Jan-2024,0,E,24,1255,1,PASSED R0; BX-RI and YX-WI also rewarded
XI-RH,TFOX,Natural,28-Jan-2024,1,W,1,1436,1,BX-RI and YX-WI also rewarded
XI-RH,TFOX,Natural,28-Jan-2024,1,W,2,1437,1,BX-RI also rewarded
XI-RH,TFOX,Natural,28-Jan-2024,1,W,3,1438,1,BX-RI and YX-WI also rewarded
XI-RH,TFOX,Natural,28-Jan-2024,1,W,4,1449,1,BX-RI also rewarded
XI-RH,TFOX,Natural,28-Jan-2024,1,W,5,1450,1,BX-RI also rewarded
XI-RH,TFOX,Natural,28-Jan-2024,1,W,6,1501,1,YX-WI also rewarded
XI-RH,TFOX,Natural,28-Jan-2024,1,W,7,1502,1,
XI-RH,TFOX,Natural,28-Jan-2024,1,W,8,1507,1,BX-RI also rewarded
XI-RH,TFOX,Natural,28-Jan-2024,1,W,9,1507,1,BX-RI and YX-WI also rewarded
XI-RH,TFOX,Natural,28-Jan-2024,1,W,10,1509,0,
XI-RH,TFOX,Natural,28-Jan-2024,1,W,11,1519,1,YX-WI also rewarded
XI-RH,TFOX,Natural,29-Jan-2024,1,W,12,1326,0,PASSED R1
XI-RH,TFOX,Natural,29-Jan-2024,2,E,1,1346,1,YX-WI also rewarded
XI-RH,TFOX,Natural,29-Jan-2024,2,E,2,1352,0,
XI-RH,TFOX,Natural,29-Jan-2024,2,E,3,1353,1,YX-WI also rewarded
XI-RH,TFOX,Natural,29-Jan-2024,2,E,4,1357,1,BX-RI and YX-WI also rewarded
XI-RH,TFOX,Natural,29-Jan-2024,2,E,5,1358,1,
XI-RH,TFOX,Natural,29-Jan-2024,2,E,6,1402,1,
XI-RH,TFOX,Natural,29-Jan-2024,2,E,7,1422,1,BX-RI and YX-WI also rewarded
XI-RH,TFOX,Natural,29-Jan-2024,2,E,8,1424,1,YX-WI also rewarded
XI-RH,TFOX,Natural,29-Jan-2024,2,E,9,1425,1,
XI-RH,TFOX,Natural,29-Jan-2024,2,E,10,1428,1,BX-RI and YX-WI also rewarded
XI-RH,TFOX,Natural,29-Jan-2024,2,E,11,1429,1,YX-WI also rewarded
XI-RH,TFOX,Natural,29-Jan-2024,2,E,12,1431,1,PASSED R2; YX-WI also rewarded
XI-RH,TFOX,Natural,1-Feb-2024,3,W,1,1225,0,
XI-RH,TFOX,Natural,1-Feb-2024,3,W,2,1228,0,
XI-RH,TFOX,Natural,1-Feb-2024,3,W,3,1231,0,
XI-RH,TFOX,Natural,1-Feb-2024,3,W,4,1232,1,"BX-RI, YX-WI and G-X rewarded"
XI-RH,TFOX,Natural,1-Feb-2024,3,W,5,1238,1,BX-RI and G-X rewarded
XI-RH,TFOX,Natural,1-Feb-2024,3,W,6,1240,1,
XI-RH,TFOX,Natural,1-Feb-2024,3,W,7,1243,1,YX-WI and G-X rewarded
XI-RH,TFOX,Natural,1-Feb-2024,3,W,8,1245,1,BX-RI rewarded
XI-RH,TFOX,Natural,1-Feb-2024,3,W,9,1247,1,BX-RI rewarded
XI-RH,TFOX,Natural,1-Feb-2024,3,W,10,1248,1,
XI-RH,TFOX,Natural,1-Feb-2024,3,W,11,1249,1,
XI-RH,TFOX,Natural,1-Feb-2024,3,W,12,1301,1,G-X rewarded
XI-RH,TFOX,Natural,1-Feb-2024,3,W,13,1302,1,PASSED R3; G-X rewarded
XI-RH,TFOX,Natural,1-Feb-2024,4,E,1,1308,0,
XI-RH,TFOX,Natural,1-Feb-2024,4,E,2,1309,1,YX-WI rewarded
XI-RH,TFOX,Natural,1-Feb-2024,4,E,3,1310,1,YX-WI rewarded
XI-RH,TFOX,Natural,1-Feb-2024,4,E,4,1312,1,
XI-RH,TFOX,Natural,1-Feb-2024,4,E,5,1314,1,YX-WI rewarded
XI-RH,TFOX,Natural,1-Feb-2024,4,E,6,1315,1,G-X rewarded
XI-RH,TFOX,Natural,1-Feb-2024,4,E,7,1317,1,
XI-RH,TFOX,Natural,1-Feb-2024,4,E,8,1318,1,YX-WI and BX-RI rewarded
XI-RH,TFOX,Natural,1-Feb-2024,4,E,9,1323,1,YX-WI and G-X rewarded
XI-RH,TFOX,Natural,3-Feb-2024,4,E,10,1419,0,
XI-RH,TFOX,Natural,3-Feb-2024,4,E,11,1434,1,YX-WI and BX-RI rewarded
XI-RH,TFOX,Natural,3-Feb-2024,4,E,12,1437,1,YX-WI and G-X rewarded
I-XPO,FARE,Natural,23-Jan-2024,0,S,1,1311,1,
I-XPO,FARE,Natural,23-Jan-2024,0,S,2,1313,1,
I-XPO,FARE,Natural,23-Jan-2024,0,S,3,1316,1,YG-XI also rewarded; Jays alarm call and don't come back for 20 minutes
I-XPO,FARE,Natural,26-Jan-2024,0,S,4,1208,1,YG-XI and H-RWX also rewarded
I-XPO,FARE,Natural,26-Jan-2024,0,S,5,1209,1,YG-XI and H-RWX also rewarded
I-XPO,FARE,Natural,26-Jan-2024,0,S,6,1214,1,YG-XI and H-RWX also rewarded
I-XPO,FARE,Natural,26-Jan-2024,0,S,7,1216,1,
I-XPO,FARE,Natural,26-Jan-2024,0,S,8,1222,1,YG-XI also rewarded
I-XPO,FARE,Natural,26-Jan-2024,0,S,9,1224,1,H-RWX also rewarded
I-XPO,FARE,Natural,26-Jan-2024,0,S,10,1227,1,
I-XPO,FARE,Natural,26-Jan-2024,0,S,11,1230,1,
I-XPO,FARE,Natural,26-Jan-2024,0,S,12,1234,1,PASSED R0
I-XPO,FARE,Natural,30-Jan-2024,1,N,1,1339,0,
I-XPO,FARE,Natural,30-Jan-2024,1,N,2,1407,0,
I-XPO,FARE,Natural,30-Jan-2024,1,N,3,1407,1,
I-XPO,FARE,Natural,30-Jan-2024,1,N,4,1425,1,
I-XPO,FARE,Natural,30-Jan-2024,1,N,5,1426,1,
I-XPO,FARE,Natural,30-Jan-2024,1,N,6,1428,1,H-RWX and YG-XI also rewarded
I-XPO,FARE,Natural,30-Jan-2024,1,N,7,1434,1,
I-XPO,FARE,Natural,31-Jan-2024,1,N,8,1145,0,
I-XPO,FARE,Natural,31-Jan-2024,1,N,9,1145,1,H-RWX also rewarded
I-XPO,FARE,Natural,31-Jan-2024,1,N,10,1149,1,H-RWX and YG-XI also rewarded
I-XPO,FARE,Natural,31-Jan-2024,1,N,11,1154,1,H-RWX and YG-XI also rewarded
I-XPO,FARE,Natural,31-Jan-2024,1,N,12,1158,1,
I-XPO,FARE,Natural,31-Jan-2024,1,N,13,1207,1,PASSED R1; H-RWX also rewarded
I-XPO,FARE,Natural,31-Jan-2024,2,S,1,1215,0,
I-XPO,FARE,Natural,31-Jan-2024,2,S,2,1216,1,
I-XPO,FARE,Natural,31-Jan-2024,2,S,3,1221,1,YG-XI also rewarded
I-XPO,FARE,Natural,31-Jan-2024,2,S,4,1226,1,H-RWX also rewarded
I-XPO,FARE,Natural,31-Jan-2024,2,S,5,1230,1,H-RWX and YG-XI also rewarded
I-XPO,FARE,Natural,31-Jan-2024,2,S,6,1236,1,"I-XPO doesn't take peanuts, acting scared? YG-XI rewarded"
I-XPO,FARE,Natural,1-Feb-2024,2,S,7,1501,1,H-RWX and YG-XI also rewarded
I-XPO,FARE,Natural,1-Feb-2024,2,S,8,1503,1,YG-XI also rewarded
I-XPO,FARE,Natural,1-Feb-2024,2,S,9,1504,1,H-RWX and YG-XI also rewarded
I-XPO,FARE,Natural,1-Feb-2024,2,S,10,1506,1,H-RWX and YG-XI also rewarded
I-XPO,FARE,Natural,1-Feb-2024,2,S,11,1508,1,H-RWX and YG-XI also rewarded
I-XPO,FARE,Natural,1-Feb-2024,2,S,12,1512,1,PASSED R2
I-XPO,FARE,Natural,1-Feb-2024,3,N,1,1517,0,
I-XPO,FARE,Natural,1-Feb-2024,3,N,2,1519,0,
I-XPO,FARE,Natural,1-Feb-2024,3,N,3,1523,1,H-RWX and YG-XI also rewarded
I-XPO,FARE,Natural,1-Feb-2024,3,N,4,1527,1,H-RWX and YG-XI also rewarded
I-XPO,FARE,Natural,1-Feb-2024,3,N,5,1531,1,
I-XPO,FARE,Natural,1-Feb-2024,3,N,6,1532,0,
I-XPO,FARE,Natural,1-Feb-2024,3,N,7,1533,1,H-RWX and YG-XI also rewarded
I-XPO,FARE,Natural,1-Feb-2024,3,N,8,1537,1,YG-XI also rewarded
I-XPO,FARE,Natural,1-Feb-2024,3,N,9,1541,1,H-RWX and YG-XI also rewarded
I-XPO,FARE,Natural,1-Feb-2024,3,N,10,1546,1,YG-XI also rewarded
I-XPO,FARE,Natural,5-Feb-2024,3,N,11,1427,1,
I-XPO,FARE,Natural,5-Feb-2024,3,N,12,1432,0,
I-XPO,FARE,Natural,5-Feb-2024,3,N,13,1432,1,YG-XI rewarded
I-XPO,FARE,Natural,5-Feb-2024,3,N,14,1440,1,PASSED R3; H-RWX and YG-XI also rewarded
I-XPO,FARE,Natural,5-Feb-2024,4,S,1,1450,0,
I-XPO,FARE,Natural,5-Feb-2024,4,S,2,1450,1,H-RWX and YG-XI also rewarded
I-XPO,FARE,Natural,5-Feb-2024,4,S,3,1454,1,
I-XPO,FARE,Natural,5-Feb-2024,4,S,4,1501,1,
I-XPO,FARE,Natural,5-Feb-2024,4,S,5,1507,1,YG-XI rewarded
I-XPO,FARE,Natural,5-Feb-2024,4,S,6,1511,1,YG-XI rewarded
I-XPO,FARE,Natural,5-Feb-2024,4,S,7,1524,1,H-RWX and YG-XI also rewarded
I-XPO,FARE,Natural,7-Feb-2024,4,S,8,1352,1,
I-XPO,FARE,Natural,7-Feb-2024,4,S,9,1353,1,
I-XPO,FARE,Natural,7-Feb-2024,4,S,10,1357,1,
I-XPO,FARE,Natural,7-Feb-2024,4,S,11,1408,0,
I-XPO,FARE,Natural,7-Feb-2024,4,S,12,1408,1,PASSED R4
I-XPO,FARE,Natural,7-Feb-2024,5,N,1,1414,0,
I-XPO,FARE,Natural,7-Feb-2024,5,N,2,1415,1,
I-XPO,FARE,Natural,7-Feb-2024,5,N,3,1425,1,
I-XPO,FARE,Natural,7-Feb-2024,5,N,4,1433,0,
I-XPO,FARE,Natural,7-Feb-2024,5,N,5,1434,1,
I-XPO,FARE,Natural,7-Feb-2024,5,N,6,1442,1,
I-XPO,FARE,Natural,7-Feb-2024,5,N,7,1455,1,
I-XPO,FARE,Natural,7-Feb-2024,5,N,8,1459,1,
I-XPO,FARE,Natural,8-Feb-2024,5,N,9,1420,1,
I-XPO,FARE,Natural,8-Feb-2024,5,N,10,1443,1,Crows here making jays nervous
I-XPO,FARE,Natural,8-Feb-2024,5,N,11,1455,1,
I-XPO,FARE,Natural,10-Feb-2024,5,N,12,1149,1,PASSED R5 and SERIAL REVERSALS!!  YG-XI rewarded
WK-OX,GREG,Suburban,26-Jan-2024,0,N,1,1402,0,
WK-OX,GREG,Suburban,30-Jan-2024,0,N,2,1118,0,
WK-OX,GREG,Suburban,30-Jan-2024,0,N,3,1118,1,
WK-OX,GREG,Suburban,30-Jan-2024,0,N,4,1119,1,
WK-OX,GREG,Suburban,30-Jan-2024,0,N,5,1120,1,"feeder jams, toss peanut to WK-OX"
WK-OX,GREG,Suburban,30-Jan-2024,0,N,6,1121,1,
WK-OX,GREG,Suburban,30-Jan-2024,0,N,7,1123,1,
WK-OX,GREG,Suburban,30-Jan-2024,0,N,8,1124,1,
WK-OX,GREG,Suburban,30-Jan-2024,0,N,9,1125,1,
WK-OX,GREG,Suburban,30-Jan-2024,0,N,10,1126,1,
WK-OX,GREG,Suburban,30-Jan-2024,0,N,11,1127,1,"feeder jams, toss peanut to WK-OX"
WK-OX,GREG,Suburban,30-Jan-2024,0,N,12,1131,1,PASSED R0; YX-dGK also rewarded
WK-OX,GREG,Suburban,30-Jan-2024,1,S,1,1133,0,
WK-OX,GREG,Suburban,30-Jan-2024,1,S,2,1136,0,
WK-OX,GREG,Suburban,30-Jan-2024,1,S,3,1140,0,
WK-OX,GREG,Suburban,31-Jan-2024,1,S,4,1344,0,
WK-OX,GREG,Suburban,5-Feb-2024,1,S,5,1136,0,
WK-OX,GREG,Suburban,5-Feb-2024,1,S,6,1205,1,
WK-OX,GREG,Suburban,5-Feb-2024,1,S,7,1206,1,YX-dGK and GX-AK rewarded
WK-OX,GREG,Suburban,5-Feb-2024,1,S,8,1207,1,YX-dGK and GX-AK rewarded
WK-OX,GREG,Suburban,5-Feb-2024,1,S,9,1207,1,GX-AK rewarded
WK-OX,GREG,Suburban,5-Feb-2024,1,S,10,1208,1,
WK-OX,GREG,Suburban,5-Feb-2024,1,S,11,1209,1,
WK-OX,GREG,Suburban,5-Feb-2024,1,S,12,1210,1,GX-AK rewarded
WK-OX,GREG,Suburban,5-Feb-2024,1,S,13,1211,1,YX-dGK rewarded
WK-OX,GREG,Suburban,5-Feb-2024,1,S,14,1212,1,GX-AK rewarded
WK-OX,GREG,Suburban,5-Feb-2024,1,S,15,1212,1,PASSED R1
WK-OX,GREG,Suburban,5-Feb-2024,2,N,1,1217,0,
WK-OX,GREG,Suburban,5-Feb-2024,2,N,2,1218,0,
WK-OX,GREG,Suburban,5-Feb-2024,2,N,3,1222,1,
WK-OX,GREG,Suburban,5-Feb-2024,2,N,4,1223,1,
WK-OX,GREG,Suburban,5-Feb-2024,2,N,5,1224,1,GX-AK rewarded
WK-OX,GREG,Suburban,5-Feb-2024,2,N,6,1225,1,GX-AK rewarded
WK-OX,GREG,Suburban,5-Feb-2024,2,N,7,1226,1,
WK-OX,GREG,Suburban,5-Feb-2024,2,N,8,1228,1,
WK-OX,GREG,Suburban,5-Feb-2024,2,N,9,1229,1,
WK-OX,GREG,Suburban,5-Feb-2024,2,N,10,1229,1,YX-dGK and GX-AK rewarded
WK-OX,GREG,Suburban,5-Feb-2024,2,N,11,1230,1,
WK-OX,GREG,Suburban,5-Feb-2024,2,N,12,1232,1,PASSED R2
WK-OX,GREG,Suburban,7-Feb-2024,3,S,1,1147,0,Wind may be freaking jays out
WK-OX,GREG,Suburban,14-Feb-2024,3,S,2,955,0,
WK-OX,GREG,Suburban,14-Feb-2024,3,S,3,956,1,Feeder not working? Toss freebie then check batteries
WK-OX,GREG,Suburban,14-Feb-2024,3,S,4,958,1,
WK-OX,GREG,Suburban,14-Feb-2024,3,S,5,959,1,
WK-OX,GREG,Suburban,14-Feb-2024,3,S,6,1000,1,Then chasing
WK-OX,GREG,Suburban,14-Feb-2024,3,S,7,1028,1,Then chasing
WK-OX,GREG,Suburban,14-Feb-2024,3,S,8,1057,1,GX-AK rewarded
WK-OX,GREG,Suburban,14-Feb-2024,3,S,9,1058,1,
WK-OX,GREG,Suburban,14-Feb-2024,3,S,10,1059,1,YX-dGK and GX-AK rewarded
WK-OX,GREG,Suburban,14-Feb-2024,3,S,11,1100,1,
WK-OX,GREG,Suburban,14-Feb-2024,3,S,12,1101,1,PASSED R3 and SERIAL REVERSALS!
WX-RK,JC,Suburban,14-Feb-2024,0,N,1,856,0,
WX-RK,JC,Suburban,15-Feb-2024,0,N,2,854,1,Comes within 1 foot but doesn't go to feeder
WX-RK,JC,Suburban,15-Feb-2024,0,N,3,857,1,GX-OK rewarded
WX-RK,JC,Suburban,15-Feb-2024,0,N,4,859,1,GX-OK rewarded
WX-RK,JC,Suburban,15-Feb-2024,0,N,5,900,1,
WX-RK,JC,Suburban,15-Feb-2024,0,N,6,901,1,GX-OK rewarded
WX-RK,JC,Suburban,15-Feb-2024,0,N,7,902,1,GX-OK rewarded
WX-RK,JC,Suburban,15-Feb-2024,0,N,8,903,1,"GX-OK rewarded, stole her peanut"
WX-RK,JC,Suburban,15-Feb-2024,0,N,9,908,1,
WX-RK,JC,Suburban,15-Feb-2024,0,N,10,909,1,GX-OK rewarded
WX-RK,JC,Suburban,15-Feb-2024,0,N,11,911,1,GX-OK rewarded
WX-RK,JC,Suburban,15-Feb-2024,0,N,12,912,1,PASSED R0; GX-OK rewarded
WX-RK,JC,Suburban,15-Feb-2024,1,S,1,915,0,
WX-RK,JC,Suburban,15-Feb-2024,1,S,2,925,0,
WX-RK,JC,Suburban,15-Feb-2024,1,S,3,926,1,GX-OK rewarded
WX-RK,JC,Suburban,15-Feb-2024,1,S,4,928,1,
WX-RK,JC,Suburban,15-Feb-2024,1,S,5,930,1,GX-OK rewarded
WX-RK,JC,Suburban,15-Feb-2024,1,S,6,931,1,
WX-RK,JC,Suburban,15-Feb-2024,1,S,7,934,1,GX-OK rewarded
WX-RK,JC,Suburban,15-Feb-2024,1,S,8,935,1,GX-OK rewarded
WX-RK,JC,Suburban,15-Feb-2024,1,S,9,936,1,GX-OK rewarded
WX-RK,JC,Suburban,15-Feb-2024,1,S,10,937,1,
WX-RK,JC,Suburban,15-Feb-2024,1,S,11,939,1,GX-OK rewarded
WX-RK,JC,Suburban,15-Feb-2024,1,S,12,944,1,PASSED R1; GX-OK rewarded
GX-AK,GREG,Suburban,15-Feb-2024,0,S,1,1133,1,
GX-AK,GREG,Suburban,15-Feb-2024,0,S,2,1134,1,YX-dGK rewarded
GX-AK,GREG,Suburban,15-Feb-2024,0,S,3,1134,1,
GX-AK,GREG,Suburban,15-Feb-2024,0,S,4,1137,1,WK-OX rewarded
GX-AK,GREG,Suburban,15-Feb-2024,0,S,5,1140,1,
GX-AK,GREG,Suburban,15-Feb-2024,0,S,6,1141,1,WK-OX rewarded
GX-AK,GREG,Suburban,15-Feb-2024,0,S,7,1142,1,WK-OX rewarded
GX-AK,GREG,Suburban,15-Feb-2024,0,S,8,1144,1,
GX-AK,GREG,Suburban,15-Feb-2024,0,S,9,1145,1,YX-dGK rewarded
GX-AK,GREG,Suburban,15-Feb-2024,0,S,10,1146,1,
GX-AK,GREG,Suburban,15-Feb-2024,0,S,11,1147,1,
GX-AK,GREG,Suburban,15-Feb-2024,0,S,12,1148,1,PASSED R0; WK-OX rewarded
GX-AK,GREG,Suburban,15-Feb-2024,1,N,1,1151,0,
GX-AK,GREG,Suburban,15-Feb-2024,1,N,2,1155,0,
GX-AK,GREG,Suburban,15-Feb-2024,1,N,3,1203,0,
GX-AK,GREG,Suburban,15-Feb-2024,1,N,4,1225,0,
GX-AK,GREG,Suburban,15-Feb-2024,1,N,5,1230,0,
GX-AK,GREG,Suburban,19-Feb-2024,1,N,6,1538,0,Did feeder rehabituation immediately before trial
GX-AK,GREG,Suburban,20-Feb-2024,1,N,7,1514,0,
GX-AK,GREG,Suburban,20-Feb-2024,1,N,8,1536,1,Steals peanut from WK-OX; WK-OX rewarded
GX-AK,GREG,Suburban,20-Feb-2024,1,N,9,1537,1,WK-OX & YX-dGK rewarded
GX-AK,GREG,Suburban,20-Feb-2024,1,N,10,1539,1,
GX-AK,GREG,Suburban,20-Feb-2024,1,N,11,1540,1,WK-OX rewarded
GX-AK,GREG,Suburban,20-Feb-2024,1,N,12,1542,1,WK-OX rewarded
GX-AK,GREG,Suburban,20-Feb-2024,1,N,13,1543,1,
GX-AK,GREG,Suburban,20-Feb-2024,1,N,14,1544,1,YX-dGK rewarded
GX-AK,GREG,Suburban,20-Feb-2024,1,N,15,1546,1,WK-OX rewarded
GX-AK,GREG,Suburban,20-Feb-2024,1,N,16,1548,1,
GX-AK,GREG,Suburban,20-Feb-2024,1,N,17,1550,1,PASSED R1